{
  "hash": "cb670222",
  "configHash": "3dd2d58e",
  "lockfileHash": "5c49124f",
  "browserHash": "fb86e3e3",
  "optimized": {
    "react/jsx-dev-runtime": {
      "src": "../../node_modules/react/jsx-dev-runtime.js",
      "file": "react_jsx-dev-runtime.js",
      "fileHash": "591a053c",
      "needsInterop": true
    },
    "react-dom/client": {
      "src": "../../node_modules/react-dom/client.js",
      "file": "react-dom_client.js",
      "fileHash": "0e5e4be4",
      "needsInterop": true
    },
    "@tanstack/react-query": {
      "src": "../../node_modules/@tanstack/react-query/build/modern/index.js",
      "file": "@tanstack_react-query.js",
      "fileHash": "991969aa",
      "needsInterop": false
    },
    "react-router-dom": {
      "src": "../../node_modules/react-router-dom/dist/index.js",
      "file": "react-router-dom.js",
      "fileHash": "9b86faa7",
      "needsInterop": false
    },
    "react": {
      "src": "../../node_modules/react/index.js",
      "file": "react.js",
      "fileHash": "8449335b",
      "needsInterop": true
    },
    "lucide-react": {
      "src": "../../node_modules/lucide-react/dist/esm/lucide-react.js",
      "file": "lucide-react.js",
      "fileHash": "1620f4e6",
      "needsInterop": false
    },
    "@radix-ui/react-slot": {
      "src": "../../node_modules/@radix-ui/react-slot/dist/index.mjs",
      "file": "@radix-ui_react-slot.js",
      "fileHash": "c09bebcf",
      "needsInterop": false
    },
    "class-variance-authority": {
      "src": "../../node_modules/class-variance-authority/dist/index.mjs",
      "file": "class-variance-authority.js",
      "fileHash": "a96db685",
      "needsInterop": false
    },
    "@radix-ui/react-checkbox": {
      "src": "../../node_modules/@radix-ui/react-checkbox/dist/index.mjs",
      "file": "@radix-ui_react-checkbox.js",
      "fileHash": "ee4aab52",
      "needsInterop": false
    },
    "@radix-ui/react-dialog": {
      "src": "../../node_modules/@radix-ui/react-dialog/dist/index.mjs",
      "file": "@radix-ui_react-dialog.js",
      "fileHash": "666a61b8",
      "needsInterop": false
    },
    "@radix-ui/react-progress": {
      "src": "../../node_modules/@radix-ui/react-progress/dist/index.mjs",
      "file": "@radix-ui_react-progress.js",
      "fileHash": "ef283974",
      "needsInterop": false
    },
    "@radix-ui/react-slider": {
      "src": "../../node_modules/@radix-ui/react-slider/dist/index.mjs",
      "file": "@radix-ui_react-slider.js",
      "fileHash": "53d06df2",
      "needsInterop": false
    },
    "next-themes": {
      "src": "../../node_modules/next-themes/dist/index.mjs",
      "file": "next-themes.js",
      "fileHash": "b072067f",
      "needsInterop": false
    },
    "sonner": {
      "src": "../../node_modules/sonner/dist/index.mjs",
      "file": "sonner.js",
      "fileHash": "3a964549",
      "needsInterop": false
    },
    "@radix-ui/react-toast": {
      "src": "../../node_modules/@radix-ui/react-toast/dist/index.mjs",
      "file": "@radix-ui_react-toast.js",
      "fileHash": "021fc801",
      "needsInterop": false
    },
    "@radix-ui/react-tooltip": {
      "src": "../../node_modules/@radix-ui/react-tooltip/dist/index.mjs",
      "file": "@radix-ui_react-tooltip.js",
      "fileHash": "9fb87630",
      "needsInterop": false
    },
    "clsx": {
      "src": "../../node_modules/clsx/dist/clsx.mjs",
      "file": "clsx.js",
      "fileHash": "81890bbb",
      "needsInterop": false
    },
    "tailwind-merge": {
      "src": "../../node_modules/tailwind-merge/dist/bundle-mjs.mjs",
      "file": "tailwind-merge.js",
      "fileHash": "cbf8f228",
      "needsInterop": false
    }
  },
  "chunks": {
    "chunk-RWEGSDVA": {
      "file": "chunk-RWEGSDVA.js"
    },
    "chunk-NVW6IO7E": {
      "file": "chunk-NVW6IO7E.js"
    },
    "chunk-H6PPDBKD": {
      "file": "chunk-H6PPDBKD.js"
    },
    "chunk-D3O4KQIE": {
      "file": "chunk-D3O4KQIE.js"
    },
    "chunk-S7GTYIN6": {
      "file": "chunk-S7GTYIN6.js"
    },
    "chunk-LS7SDTYJ": {
      "file": "chunk-LS7SDTYJ.js"
    },
    "chunk-SYZTYY7D": {
      "file": "chunk-SYZTYY7D.js"
    },
    "chunk-4HIDHQRB": {
      "file": "chunk-4HIDHQRB.js"
    },
    "chunk-YX4CCC3L": {
      "file": "chunk-YX4CCC3L.js"
    },
    "chunk-74SYZI33": {
      "file": "chunk-74SYZI33.js"
    },
    "chunk-T6PWRRVS": {
      "file": "chunk-T6PWRRVS.js"
    },
    "chunk-KDVGFZWC": {
      "file": "chunk-KDVGFZWC.js"
    },
    "chunk-I2MCD6RR": {
      "file": "chunk-I2MCD6RR.js"
    },
    "chunk-E55NSNTN": {
      "file": "chunk-E55NSNTN.js"
    },
    "chunk-4MBMRILA": {
      "file": "chunk-4MBMRILA.js"
    }
  }
}